title,2,3
Associate Professor,1,3
Professor,1,3
Assistant Professor,1,3
"Director & Teaching Professor, First Year Engineering Program",1,2
Associate Professor,1,3
Esther and Harold E. Edgerton Career Development Assistant Professor,1,3
"Research Assistant Professor, Petroleum Geology",1,3
"Professor, Biomedical Engineering",1,3
Assistant Professor,1,3
Financial Associate,2,3
Administrative Assistant,2,3
Assistant Research Scientist,2,3
Senior Staff Assistant,2,3
Administrative Secretary-Senior,2,3
Department Manager,2,3
Assistant Professor,1,3
Professor,1,3
Administrative Assistant to Charles T. Driscoll,3,2
Professor,1,3
Lecturer,2,3
Faculty Research Assistant,2,3
Lecturer,2,3
Professor Emeritus,1,3
Professor of Engineering,1,3
Associate Professor,1,3
Assistant Professor,1,3
Assistant Professor,1,3
Associate Professor and St. Clair Fellow,1,3
Adjunct Professor,1,3
Assistant Professor,1,3
"Associate Professor, Chemistry,Â Bioengineering,",1,3
Adjunct Faculty,2,3
Research Faculty,2,3
"Lecturer, Engineering Technology & Construction Management",2,3
RSA Professor,1,3
Professor Emerita,1,3
Associate Professor,1,3
Assistant Professor,1,3
Academic Advisor,2,3
ASSISTANT PROFESSOR,1,3
Associate Professor,1,3
Administrative Specialist I,2,3
Assistant Professor,1,3
Assistant Professor,1,3
